0,1,2,3,4,5,6,7,8,9,10,11,12,13,14,15,16,17,18,19,20,21,22,23,24,25,26,27,28,29,30,31,32,33,34,35,36,37,38,39,40,41,42,43,44,45,46,47,48,49,50,51,52,53,54,55,56,57,58,59,60,61,62,63,64,65,66,67,68,69,70,71,72,73,74,75,76,77,78,79,80,81,82,83,84,85,86,87,88,89,90,91,92,93,94,95,96,97,98,99
-1.4941364208979115,-0.7804143788185344,-0.47382899836471354,0.7129399549483489,1.2416992906725997,-0.8883415025406011,0.8435335417792693,1.2102675977583846,-0.1470715383825505,0.3280259972565087,0.6377913806300507,0.2702893876752977,-0.07575422698256129,-0.15819842218825297,1.2057878636749586,0.8208184438894383,-0.1889180015109432,0.667814744665033,0.7229671672503627,1.2152520601358168,-0.3275193812096181,-0.5216556573826836,1.0187164987059718,1.5592184032063796,-1.8500628606088731,-0.16993413814410102,-1.2192406760443848,1.32789072990806,-0.5595720421645138,-1.496325631217175,0.13587656945658336,-1.499400803797771,-0.6930559699573263,-1.846073977543537,1.2850880342735713,-0.9104502667234768,-0.3229246559021743,1.025849164151355,-1.3040682526260043,1.2081135558694545,-0.3985946719483935,-0.34409414771462304,-0.8953654517860024,-0.3079817962050128,-0.5562438436818128,-0.031002530063661448,1.421610929839694,-0.8331153680191641,0.520693076346736,-0.3749681157702309,-0.735178432555114,0.620637930375016,0.5626894777583098,2.311107412141475,2.3409111708635812,-1.0107924784317162,0.7791557452745645,0.32117334290498134,1.3759249194046104,2.3354843134041876,-0.6159206083945948,-0.28233964246255133,-0.07406007747070215,0.33278925585174735,-0.3208828445122643,-2.002718402991716,0.8941933585489507,0.06359541703448648,-0.8605352055805208,-1.1430282665670146,1.1438291279023756,-0.0011302564421851106,-2.4010805125410872,-0.2861988726591053,0.05214596333354313,-0.23484009411995216,0.5351281826907454,-0.32638242444152965,-1.174467455836168,0.8218058957138866,-0.2792559952722203,1.7856510798843204,0.32882872025319604,2.5504786156445736,0.4453090763873129,0.8751018471757926,0.3667969839494299,-0.8728515252326864,-1.4228814642431444,0.7059500038780212,-1.2251604507047589,0.0753137550021818,-0.4625563053253809,-0.13491199264567497,-1.2540894757466814,-0.1953529327962787,-0.5561693911721132,-2.0571985589224013,1.635718744344384,0.3776732301639517
-1.4021148872704732,0.5974338208712257,-1.058030391693408,-0.5811698551856987,-0.6425249553534588,0.06851952773117832,-0.1458261602579622,-1.7933673950770381,0.907607476383077,1.612075485278858,-0.6756283447034213,1.5077550076729347,0.8397683420655891,0.8942510955593996,-0.3701462689477124,0.026010472721913966,-1.1564962124483373,-0.7440711836075258,0.48691871690575284,0.8960025221739649,1.2840663884124563,-1.1320188953354602,-0.29679746618701547,0.48089409385013343,-1.807678481897893,-1.1271931288478703,-1.9932855635282614,0.00026215609805558306,-0.3497740397258369,-1.7258164927331499,-2.0267991476656477,-0.24865463529426235,-0.8504694976978524,0.2500672228382072,-0.8148026381038119,-0.801853894213478,-0.4215013875716708,0.4532741499951979,0.053120396044336986,-0.13254230074017226,-1.2377132598906202,0.39457094094024114,-1.575636209335864,0.7773324788044134,-1.0837229777088737,0.3079474142049283,1.4841152078019457,1.2314614178340086,-0.30117184643366784,0.18862367312043835,-0.022526782053866806,0.8787951699143325,0.3006530437436064,1.4441828856306913,0.920454418527783,-0.6646237342587249,-0.44012707015143,0.3719962148191479,0.3453155915447459,-0.602324651932,-1.418752455422902,-0.07048191656526509,-0.14966387790225683,-0.3522079360387113,0.37013791041833816,0.9000706230329373,1.0073056279273347,-0.4447125643389331,-0.34387489859909215,-0.11597623478702994,-1.2849169268842855,0.867055147505523,0.7766514067570307,-0.853449508016075,0.44044581811054156,0.6440672822629112,-1.3241986880084267,0.8028054945654851,-0.18265904905259164,0.382718475334178,-0.18424552626196963,-0.8973681456941719,0.1459649103122309,0.26340948072436854,0.14254730907552546,0.9229103506933076,0.8571507921424828,-0.021972775852105032,-1.5955416421651707,0.7863420991489094,0.24406757304488308,-0.8404052412332713,1.2419015598187106,-0.6044089715095908,0.04273154149407746,0.6547585437705703,-0.25285641302158984,0.4407666489463238,-2.1530601284811204,0.01217880942919312
0.7255407066968054,-1.8347056595190423,0.23771939246925278,-1.4084223022798816,-0.1422908116753952,-0.09280055261965052,-0.23922219021760094,0.49244538031215546,-0.49536913946378475,0.37227217961572057,-0.4853748586719627,0.4745139218499539,0.12681010752252786,-0.11876503875800466,0.49314705358281413,1.358669602817269,-1.3090803050260573,0.7728210425227683,-0.11790117053676759,-1.6880212708922142,1.9886387910105647,-1.7149919264546438,0.0845547662256169,-0.17649765705221246,1.3585678614095424,-2.2441826611827116,1.3147413779848145,0.6197228405403504,-0.18072082645090506,-0.6132164098587024,-0.02912299234998936,1.0961945601080672,-1.4167592279778793,-0.8874889622768187,0.7821081766409306,-0.1612569689477362,0.7302680357610296,-0.26253120706661787,0.9635801315712015,1.7263078656845585,-1.116857867125315,-2.0395061303854662,0.5292886419167574,0.14678557760005814,-0.4273792029713486,-0.8501996877538849,-1.3843939369649632,-0.36717963203289955,0.7231032568403803,1.0432810996257127,-0.5328006714861627,0.5083110324420695,0.7350790472303106,0.4749160741630838,0.3292899201450963,1.3669532943637435,-1.987956989041955,0.10829713199361517,0.10606825526155321,-0.16315391451424002,-0.6457831798849306,-0.838284067565603,0.0004133137730098746,-0.5773895983864574,-0.5797109909280889,0.44975977073323686,1.4714421380008278,-0.07353130155210322,1.2673730219692563,-0.48838863358828244,0.3205213681831617,-0.536544047405723,-0.9866722710041121,0.6106113524986537,-0.4476370301461751,1.3608342207694386,-0.12879038145088928,-0.9492524703064037,-0.1735804400989228,0.9020688374315928,0.6501395296813881,0.9483615012137773,0.7663608858263545,1.5988975538622845,-0.3907808835693435,0.38480093284392386,0.0654742768617912,0.003630456430425899,-0.1292349743095308,0.7190504302856934,1.5921664658259724,0.4069916339282748,1.6498976812601962,0.7581457251608119,-1.8151888085229892,0.766153305432776,0.8049335791454534,-1.530464496557204,0.5194927455003956,1.648274440975789
1.694970303771768,-0.8740095705087106,0.4866890191672068,0.961417500160934,1.630532948421827,0.5423211866843092,1.4762580700111743,0.9685065820378449,0.21132657325341075,1.7744226956011542,-0.2885681381735868,1.4425519361847376,2.4932484181777372,-1.9072244170037005,-0.02281342868946588,0.5249200920165856,0.27462542892085917,-1.7676059813205107,1.5310517930635574,1.6197687765176354,-1.5486864471155977,-0.07078057349225181,-0.9045913747880342,-0.6662787931807653,-1.4105897946140946,-1.2987877221466826,0.22626382990761026,0.43485228713437474,0.36056641462504185,-0.5966300566540967,1.6411022053128097,-1.019172943956207,0.638644439865933,0.3643432586467645,0.11962528434221006,-0.5603480721463167,-1.6185868523138673,-1.3250169070949154,-0.30316047059151924,0.6910664109922189,-0.7575253630225958,-0.1720851053942605,-0.7070207960970498,-1.2129560385788067,0.8005739300652789,-1.6735442140418557,-0.08401598888512514,1.3575978441651098,0.46786798658421674,0.8182459215831562,0.5408873384518758,0.06327935833156467,0.23256810223189195,-1.6294052102288188,0.5278406204317652,0.9477638037688314,0.49506089736852893,0.40518445197244857,0.27593170775573117,-0.4001892453243053,-0.27524985796052953,0.20261281070111678,-1.1188905268845244,1.2519655578407123,-0.38835988503285535,-4.109593867057074,0.14553683001756937,0.9898918944211451,-0.7730076999515766,-1.2357084250850667,1.8615100500945134,0.22073705312573919,-0.9443044940886057,-1.3935419394649342,-0.49210730299290456,1.1225280926130876,-0.022862093695254306,-1.1066491288824585,-0.7393121789126794,-0.9824470844373353,0.36100583890151183,1.7731001383180718,0.37208919216796865,1.1481390272339889,0.21898084242929128,1.059246843912846,-0.217330534573668,-0.8759059097692032,-1.3239171648127508,-1.2533108283772851,-1.4161975865328607,-1.5482505452831161,-0.7279232764642881,-0.2324351302711258,0.777029300870993,0.37082704229393054,-1.2948295618242947,2.095386747399052,-1.1064606987940573,-0.038120751893141305
0.610291612627248,0.35211226883604424,0.2598138226090128,-0.23484217944993635,-1.1779088244433626,-2.224362713951764,-0.5949103480190988,1.399589752264174,0.4243666189259616,-1.2614479590664218,0.41185759870425037,-0.19705374885491517,0.7340648693235361,1.364321921063397,0.987294999256675,-0.9370840675642559,-0.838597738537859,-0.6380731902396574,0.5620273358060762,0.7034965076452737,-1.9030560534472842,-0.40675382639229446,2.231435750774421,-0.9592937552480255,0.11942480639891583,-1.3282119136692774,-1.6247083418112949,0.07911929575561455,-2.41505245201723,1.3832845580331716,-0.755288441004208,0.6159201417214418,-1.4695765983715454,-0.20826839426143884,-0.20482323521954326,0.9358597612434291,-0.014558991121689168,0.10971692336815395,1.3259779895504564,0.22394235976283666,1.16151690490854,2.526722819591801,-1.7363168781975744,0.5409417174893477,-0.2932873714177015,1.2539206256710844,-0.5312167523281836,0.7630219585566127,-0.2496484268880112,0.7939265478265543,0.5255928014489863,1.1119647633092182,0.08906228213559866,0.7800417104297834,-0.34314362145186716,-0.14772341712968573,-2.004258719117465,-0.49274522267995574,1.2037387016794445,0.28393912371322616,0.1083922479745881,1.238505405546903,0.10197722138641309,-1.2731698404620273,0.3034025245803201,-0.12065700820453609,0.9201152283329114,0.36476716890020827,1.2314875238392071,0.8298894962174388,-1.119734421485682,-2.15737860833103,0.44317375784650026,-1.4688036765936803,0.5059761090701684,-2.1804652126949335,1.6823777938817894,-0.2685479042873933,-0.2556227274438464,0.628059914205791,-0.8581758800205437,0.18891575954441975,0.2970424640661571,1.5352985507419072,0.34612053037354296,-0.11468071979642382,0.3084706838197087,-0.04401628930107204,0.9607618188899524,-0.4966794550848271,-2.545195146880474,0.35018883120779043,0.32459181604712795,-0.5832385404605389,-1.7322179753552125,-0.4185018763097996,0.5775355239029868,0.34130630153237546,0.8536383740833482,-0.422825278323526
0.301278209576272,-1.488788273945821,-0.6795138616849772,-0.8131487523819309,-0.6095428154740443,-0.7563942162954996,-0.7355733109984094,-1.1391337255126137,-0.5120594392942458,-0.13157694186847935,-1.4202662564682704,-1.6849590639300793,-1.314710890655551,0.586143679516907,-0.7695217864316699,-1.0630804562891827,-0.620575269407219,-0.8196282927167821,1.419170223794782,1.8561870950059274,1.7856412364181808,-1.819869905249639,0.33855668200279987,-0.35727098358123777,0.8786087581041926,0.8922848094592366,-0.04342030276666346,0.6356208121028067,-0.8271568821596429,-0.6803669019618439,0.6654418615190048,-1.514703176461596,0.17663023998564426,0.9604362226006982,-0.6773855042958916,-0.4917606872661651,-0.036693101519964647,-0.21089620200454925,0.5952486224980271,-0.8769112995516677,0.7108223789558462,0.5973381798033807,0.6561217969675883,-0.614776868848398,0.5281544498540887,0.22581216391140294,1.1544702642940374,-0.09132124415445124,0.6156577599017329,1.1343750336705734,1.1992033695943047,-1.1412471406913602,0.2930638318364158,-1.8860375837833774,-0.20045525344538034,-0.05652930999626342,1.6947246707053993,-0.6649331544942624,-0.12150789562072094,-0.23183542833556106,-0.8127834907194853,1.8032203275818746,-0.45657541901705484,-0.24977644745096458,1.144581754097225,2.222384822461043,0.4414220246501601,-1.1085641610118575,-0.34900176916835424,-1.1418436907572296,-1.3516107813658849,-0.5636629202998424,1.4658514886860767,1.0144703350658717,0.14223833194790025,-0.21617149767778204,0.5289872862554003,-2.1982710990702197,0.44245416478790595,0.22313775353412324,0.7388252027142876,-2.1986949709996715,-0.981362778381193,0.5485292509362483,-1.0802211567101336,-0.7280356028172903,0.001323457236678154,0.38766392825348356,-0.5592430122672419,2.177615870729636,0.20112881775432687,0.26661506257052475,-0.7124799387516607,0.4864877927448808,-0.8022337467853199,0.2770065497821622,-0.9519721488450454,0.21945998598614258,-1.7106756522514175,0.48686840816621074
-0.31210289811312697,-2.335180972974942,0.2933325198742528,0.0321303139370225,-0.17407991757449992,-2.3866508544636194,0.9668731367249517,-1.2196617398931238,-0.18945816767451926,0.793880778059701,-1.1980890979317997,-1.0360196774142674,-1.8776508929334663,-0.6018613440286512,-1.3359759407355132,2.04732527167398,2.5587600681355926,-0.2749312296091232,0.9690049723905448,1.5886454428087464,-1.2842025345800019,0.7440604890519853,-0.20814801291246754,0.9513497133848574,0.5681712099728011,-1.83541419794768,0.018804165418667657,-0.5586741209770193,1.6713422376596003,-0.22609584688818746,0.9605082819472318,0.7583156420750792,0.9808283163005211,-0.33955781552177516,0.38106333507481477,1.2513662884497752,0.9600187247589577,0.5762019827599891,1.3331626468730142,-0.17439678357999105,0.2398380243527376,0.5532267172166351,0.4122220966272145,0.8677203952455164,-0.9241576152939578,-0.9116212361377565,-1.8322672484313414,-1.3025044406316133,-0.3944013018498674,0.21226431983297414,0.27920171534508514,-0.18710757981924583,1.1048855108605127,-0.16422404369140586,-0.8297199894602294,0.5136257383027385,0.5583255727080285,0.0061453695777868925,-0.2715783597277874,0.229735882383825,-1.743405668392239,-0.3357063374419848,-0.7540631138046586,0.3023506706115962,-0.5032310619061068,1.0510252577719494,-0.22337704416762635,1.0345100100457227,1.0530270229789347,-1.9509480362913392,0.4164890587495548,-0.01713153421525308,1.863679323667052,-0.7791736328878468,2.9812241239879596,0.5556773227069871,0.09897365314792107,0.3045299847738986,0.331811852672216,-0.5637910684199575,-0.4594678834934202,0.5948950584569481,0.007578253532388964,-0.9759364086977974,0.9935747211816336,1.374986779684864,0.7737065427107166,-0.1306350061722426,1.4223009978955314,-1.8086285753691766,1.1844381107613373,-0.3762733646373249,0.23729379526031313,0.8468905313173688,1.156729539965611,-0.30941061485477683,0.38713425048169947,1.4910747743632815,1.2892868285165962,-0.9557330940218225
-0.35554561478636815,1.8883164770635887,-0.6500704965900862,-0.04690724918067166,1.0763547499376864,-0.7641590116537793,-0.1684726537162778,-0.1441690206807108,-0.49635720210177015,-1.5903848068973028,-1.2677033861035798,1.4205905498833586,0.1191002554197374,0.591365930304082,-1.9798226129013716,0.0824804324034371,1.1367508499269348,0.5818847263270924,-0.4240185616248452,0.26412153918234904,0.6046327293200446,0.21710221145726066,0.22671882738614865,1.2797152252725918,-0.1542614999788246,0.5270483099432355,0.4317746833474247,-1.5385988740451986,-0.2719487617917147,-0.39570741544477056,0.3159810086620787,0.11287649303261994,0.8614117876427132,-0.29382394041491966,1.3498902462322797,0.9380764231471183,-0.31334967891254695,0.27638576252266916,0.6751847606886222,-1.5263045112986913,-0.9270870345008257,-0.48261428386986155,1.812039301561142,-1.9188769848509621,0.6401719193344486,-1.0959581193334926,1.1093147659999611,0.7964087596457212,-0.9048413671152367,0.8802189634060593,-1.1249807843092094,-1.9348674766398657,0.6948987395495307,-0.5019195670045129,1.5577436347723987,0.9086325428850619,-0.5649836956141535,-0.06323584056639311,0.15982460905694942,-0.26560906432575093,-2.6512045236967,0.04214280269695892,-0.794944975343554,1.1305066101540413,-0.8212057796981124,0.9275635082047405,-0.4398492167729074,0.0101290445602783,-0.43353045764915304,-0.7764600733606234,-1.3947933978979266,0.5702603855825743,2.021674326017116,1.2930538940335692,2.00623986569693,-0.4167747957192376,0.18754312556714334,0.8412379574719044,-0.26811839767133205,0.778115689106335,0.6936204018899824,-0.01904078236143432,0.8839673030780343,-1.0720420751966615,-0.232133968732199,-0.29488680138993534,1.345784020111026,-0.7281792208028893,-0.393452960753818,0.5717977833025437,0.45303785593392215,2.957023065563726,0.37026837036328003,0.04223667876772893,-2.5660957626278895,0.7609892730711997,0.9751953970791796,1.779230215174331,1.8028431428721285,0.6147841964802961
-0.24736006724561332,-0.39271728315735455,-1.7958923152712187,-0.8596978558320646,-0.21207489687106235,-0.9765522103369253,1.942573392038933,-0.02348782058939018,0.1358492348370662,-2.694068981944146,0.0744155242134213,0.4720042020397401,-0.11784084588680563,1.120365566552633,0.6466203575546539,1.270621805294731,-0.39656210927450347,1.3900229170951366,0.2629159911747551,0.0260962859176021,0.38952280855769417,-0.3223013521676503,0.16007041433139688,-0.16462147103789931,0.5093204123630436,-1.3131596697345351,-1.2068205610093683,1.1248954645831486,-1.609912768842839,-0.8026480025299688,-0.5943318213534802,-0.4003915982325246,-1.472432560695375,-1.3942028861030025,0.5592331812733845,-1.465615534766648,0.8209366226363448,0.5174953539817791,-0.9081256304146142,-2.8602078848480676,-0.6831447517968063,-1.1989762098378212,-0.035006810701004844,0.7385782503453724,-0.9181836273650812,1.7836684452531213,0.3270469060731554,-1.5957045491737085,-0.5721954152995815,1.3993533623756067,1.157807426699155,-0.6927390608941439,1.8291537597723688,-1.2952710723441263,-0.8302940832287332,1.3592840179726382,-0.45824177572427494,-0.7479684025017144,0.33608037548861486,-1.851638167135296,0.838906200636202,-0.8224044370547655,0.34901284535754457,-0.3665149269802404,0.9904557062921893,0.9594672265773218,-0.11050902953265172,0.7011331293135615,2.203468355207079,0.4615354016194455,-0.971603439508533,0.5487021927709117,0.8517231733187711,-0.32337046384954404,1.1724026282745108,1.0561654248945251,-0.15307947249314918,0.5385624189884336,1.036756271847583,0.8175020229475116,0.36888544958946745,-0.5567715580608014,-2.5793080049705064,0.2964463603305338,0.3450881632274165,-0.8000484764338952,-0.41491133006705794,-0.7553410902860597,1.1554154017225544,1.8633644965326288,0.0903961484890596,-0.07038727268222415,1.6008073417501034,1.9580654780059177,-0.850547422926525,-0.00729738560590721,1.596801404747246,1.4832118070986389,-0.9783878297417524,-0.49288167547427786
0.3251361079687415,-0.3972152331604246,0.14062704808161985,0.12208193753017288,-0.02879421302779742,1.635093881848995,1.0522206492407904,-1.375440784934567,0.5604931415553097,-1.1089261836031732,-1.4161293542163003,1.4099672346412415,-0.0020275621249206755,0.5360035706559613,-1.196798602385216,-0.3057101910868078,0.8103251445778862,1.0520576501420564,-0.3565511021848288,0.04396436734714489,0.23159416868722849,0.2486232669164899,0.9171436079725208,-1.2409773677958895,-0.6454014180456638,0.7872323712372198,0.7506621450201856,0.5716676623897494,-0.23660149410118392,0.7894798200094603,0.6293763521379895,-0.28337002251291066,1.7820060120435441,-1.361944279550763,0.20903787800630522,0.544052055123811,1.3125792578715085,-0.9455987097777644,-0.5060514894410437,1.0343535906544357,1.292157064592624,0.8500796914805424,-0.9564159002232636,-1.307495419062628,0.7050686721641747,0.977612340437771,-0.7567766078836504,0.012533785113761391,0.48138149313337897,1.246663311489808,0.9041907225632762,0.7317562176242066,-1.3689016025446012,-1.2403274387507879,-0.17065382963355782,1.4496004693212685,-0.2548258858413462,0.0438549004804806,-0.016904599336567357,-0.3374708844075971,-1.1361782937284564,-0.08883216427802376,-0.28012089666631385,0.2977062152287443,-1.268161515667392,0.5269021217282132,0.5584877131858079,1.006304453700859,1.0764180805320962,-0.2738263553759712,-0.8856310032537397,0.428641346715321,-2.078175641849241,-1.536982361819056,-0.3053653962642266,1.0288997794414805,-1.3325928607195883,0.2823013272963319,-0.8070310322118214,2.1164227300845186,-0.28985746548791425,-0.5812825283699392,-1.1889930605012753,-0.7518899424602467,0.5326210476436665,-0.12484421359928381,-2.3343520568696494,1.1101459832912604,-0.13166816867087447,-1.7543012679368273,-0.268645933929287,1.4809763048945648,0.17340329393016093,0.31554885188099846,0.5056229309464897,-0.30362361132298615,-0.17928816814991363,-0.3573558250827929,-0.6912048326710266,1.4983864963372573
0.31849581178710673,-0.29695339375844126,-0.9310683642687342,0.721377953420964,-0.987279115816281,0.1076894524665622,-0.42197342502097496,0.09661192724883821,0.09056854103268475,1.8228837114588035,0.7005876485326206,0.12968933468153368,-1.1681281635753944,-0.4442939321157187,0.26283559754870267,0.46235206448887217,-0.2677382507948175,0.22458068755097038,0.7270934394277184,-1.0316074221291147,0.5136963142997347,1.3242451434376796,-0.30190231485854896,1.0900683032219205,0.3590057752526764,0.010753840200360893,-1.7169785787123324,1.360841879692142,0.7383544132027087,0.6189881983668364,-0.2995968341408078,0.07653174595856874,0.9027660797974455,2.4546146676046185,-0.5083608179325843,1.3103759240189974,0.1690630346753422,0.3385704555144698,-0.35811140303429295,1.7616652594706612,1.5344292315853327,0.1793508959526819,-0.7128370224357642,-0.34343985271575594,0.06175610810559173,-1.2199716247226753,2.3077216694741183,0.16966537610615978,0.4892230607520734,-0.46201107283408205,1.1341775252187467,0.854172748499503,0.31475827052410377,0.5279615537444423,0.7788283499177232,0.38622273387079703,2.229864660740866,1.1041769611044983,1.025261203854057,0.4085505127803846,1.1335460236544381,0.9199745065339613,0.4868535204584757,0.8131057994757808,0.7937230437632044,1.3508767950662082,0.17049252274521456,-0.8032802996488315,-1.2030715654464932,0.2356007716548022,0.9513332378557661,-2.434292380336748,0.3259408777202756,-0.8630384253065063,-0.805028519373618,0.9817366373714972,-0.783919515077775,0.0015459343135924817,0.12481674620667436,-1.2051090855833893,0.42511663351615897,-0.7115174627565359,0.31838587314527045,-1.2777033391595138,-0.2509088383995275,1.8380491621577182,0.34949436345500073,1.8410127820695006,-2.3044577822327104,-0.4617192822119817,-0.6265191992554862,-0.21868699371467898,-0.1615174674105295,-0.16891342249849672,0.06777100894700493,-0.689724297346859,0.05525335639586482,0.05157886892623614,0.9484852926086663,-0.46714187109326816
0.7024089192152908,2.099977475697595,-0.33434135448272234,0.49028142071128444,0.2851267676493064,0.10599550557463899,-1.329230634012713,1.308209395370921,1.6185904326005975,-0.6116672657817465,0.2526906694038203,0.984851725162686,-2.4461592249652573,1.7585444699230395,-0.09084489594632489,-1.664276510286375,-0.5150570706647558,0.0944376060815846,0.7064103696486903,-0.013933625354476658,0.4086762413285619,-1.1261502293693375,0.5116604386582625,1.9542444726989052,-1.1938353389276932,-0.788729677680243,1.1487232067863564,-0.5457366329099722,0.48441352560835,-0.3233632113949882,0.6714731419605925,0.12404681600096591,-1.1598315264626275,-0.830682502431119,-0.2352462279565685,0.8573567585757385,-2.2695211845865972,-0.02361195577206941,-2.1666590624679576,-0.45627750784061955,0.6218719543689133,0.32822825485588153,1.4545413743233173,-0.9104798014012981,-0.8812188076422318,-0.7176134055182172,-0.6180127114089036,0.9421594943280333,0.48257944350552073,-0.3187848551720805,0.429535794160874,0.21531544113814302,-0.20780745158903044,0.7466217257952676,-0.10659930562152056,1.5922023094419167,-0.7857026038838748,-2.0258669668337044,0.10458468359822315,-1.026514341782006,-1.6891666839190258,-0.4077591171247503,0.5411986571787383,0.2657956440398345,-0.020017643908035974,-0.007833441099866523,0.07060270727796761,-0.33604844405373235,3.302845586373367,1.413221300205698,-0.44479285637567434,-0.0879620495904654,-0.6388108385969504,0.9111959073581639,0.2367279852136708,0.8209448962669963,-1.2621148464016225,-0.45946442589451864,-0.3137686391460849,0.9961989097592657,0.30118619023916327,0.4867036912825442,-0.11693509032265179,-0.2475813456658695,-0.81567338510472,0.45091107671394404,-0.6002626161210363,0.20547498747412005,-0.691727573045283,-0.3321209847630067,0.6411508833331215,-0.8429847136885505,-0.9187788407141442,1.318987457756967,-0.4174068594518484,-0.6072849298488447,1.1744352877084558,-0.6800615382161862,0.7178179319803506,-0.04876441107591689
-0.08296209456947388,-0.6165229584821169,-2.2286409446126845,0.5096181745923087,2.528719479153314,1.2973633588102602,-0.2468679097054108,-0.18138747649302378,0.23630535162672392,-2.42945966825132,-1.1276508100167502,0.2076402963649933,0.6541936976957055,-0.3928862849310352,2.446449042112718,1.9705259212812074,-1.0508152971607838,-0.8013184042000736,1.6480602922573482,0.3833194200893533,-0.9098917463400766,-0.3302288185646664,-0.13733610563194285,0.7584276640975708,1.1251606910044318,0.646903515678305,0.33802955544458085,-1.7029259493707447,-0.7364661975521694,-0.8536813090801069,1.3919586050616057,-0.2853029194176529,1.7461732683065467,1.535147999306939,-0.015791622254054342,-2.5100741993862044,0.0863661263464287,-0.4076635782420752,-0.49452954593476894,-0.3849303727341967,0.9506573660734471,1.6683491306067013,-0.7264303654663677,-0.3491638424688817,1.3584972424929436,0.7593887838743427,-0.49872053725776855,-0.6750755213591791,0.8040669931711288,-0.2522773546087958,1.6403242683287793,0.36234698875861127,-0.7748063510554983,0.5254230808566218,1.7689967421484873,1.576539001849347,-1.3827715658332327,0.8442587382410942,-2.3518464033634587,0.2681687968193308,-0.6923091385798392,1.1231189284951837,-1.1824983480644646,1.100960088690773,-0.4971535361579591,-0.10070028202680381,-1.2802218304051738,1.1715939483341056,0.4713462438178615,2.4739444026263215,1.2353196941174303,-0.13547767077993192,0.4591230579522978,-0.46190784104746163,-0.09651595073478611,0.704295669331276,-1.3350975263690648,-0.5721057246767657,-0.8115276229939353,0.5179785708592612,0.15404032246845042,1.1795318569744895,-0.5180885080520928,0.21774715846200596,1.585022998486387,-0.29931061124438396,-0.34359432562767794,0.11551041877095244,2.013616855878219,-1.0515633609590844,0.9452675311600892,1.5786238440434943,0.2519984679116345,-0.5460243988653867,-1.487938632064343,0.16381943129395418,1.6270654672860743,0.4755334032512647,-0.5293203918610673,-0.15951896833609663
1.5079587128370147,2.2545749362734573,-0.0731413352743399,0.7719154017713111,0.5745675877879337,0.35555405287083736,-0.12897629051131648,-1.3584891527989937,0.2021922049692659,1.355624874139974,-1.948915319521696,-0.15161705227217798,-0.8723743663626549,-0.4727176531946544,1.5764523860056567,-0.0149927580398769,0.34503775774877027,-0.9005386985316249,-1.884856654312135,0.24425436630176017,-1.2483296279240084,-0.9634493881340396,0.7218424091348943,0.8407760864363882,-1.628489119830256,0.4562876448059632,0.38304369894397955,-0.11947177916439415,0.7673779404621742,-1.8881651165024522,-0.3067749934385392,1.4005797520984404,-1.1770684201840445,2.1379011404708295,0.2777150134650617,1.0278143653910263,0.6062681692887935,-0.29666201169584316,1.097444708801514,-1.5287125636648176,-0.9273250261369224,-0.8517461856879587,0.1316622761769727,1.0521860968666183,-0.12304795762431753,0.5603557256843937,-0.8408282783782098,-0.08600796131727156,-2.8176930903145174,1.8298215447332218,-1.2869247666166987,-1.0534519643994547,0.1679764269356885,-1.0114918151107088,0.8682984997064572,-0.5496440984408173,-0.009945886790181565,-0.3532457424295031,0.5362235075405247,-1.3392678715115747,-2.1272113577708556,1.0860238478797934,1.5928288926428238,0.2204593472777021,0.3336543963545535,1.007544568427101,1.8991836687031898,-1.7343138269091904,-0.9944229966095095,0.2210180241960614,-0.676034423447468,0.31695315057078305,-0.2742155762334681,-2.5666226886939567,-0.010817390647172421,-0.248499808770838,-1.0961655601157856,-0.23637609271777152,-0.15047772912838817,-0.42953638251266385,-0.6075833518888496,-0.5258825891289801,-1.3157099698602537,0.07937723178263334,0.7004744152825844,3.3537581643352827,0.49752542605110334,0.8158380429798978,-1.2469559945559752,-1.3717051238539608,1.0872606839605434,0.5850601937358115,-0.041973024317843804,-0.3526100417663261,0.3069696859680758,-1.1591265696047002,0.008917617674503164,0.5575722664559346,0.7613107978669444,0.8444891800976208
-0.32397231908648466,1.1895140048009138,1.0593973343497145,1.2365437415276022,1.0732891998802878,-0.21627177922414792,-0.5139769983479057,-0.524107677618977,-1.6405041695729004,1.0494446214841033,-0.705933842853292,1.1380927495640087,0.3953646867172711,0.26843452836095094,-1.0754615848102942,-0.6419744760517718,-0.5048535262437003,0.6451984662996546,0.10495610598810833,-0.6142505112257939,-1.5487648163461576,0.5939892620608967,1.2641494049070445,0.886254431319352,-0.20132632189646404,-0.5264886810971509,0.4581575596277799,0.9998889478156755,1.8843300749543694,0.35829277756246447,0.9044770884335055,0.25824380784170303,-0.6360394899774349,-1.1570068352769205,1.3223201912436422,-2.0670828872505123,0.46992778341661273,-1.7971033726499308,-0.2106799090019739,1.3740958557166019,1.7061312606797925,0.9245541426900045,1.5968155455290556,-0.08186507472090317,1.796789573895726,0.03967949201089323,1.0548597729835987,1.2168175810156812,0.14571676078474052,0.0923151871402517,0.44178683291515647,0.4968347554954717,-0.03357971895363915,-0.02581901586331204,0.049668535011518536,-1.081741364357407,0.3009766335355981,-0.2775431860517894,0.6385375378321706,0.9135225092971766,-0.9725662757859714,-0.01894593775803083,-0.32218697652553,1.190922774877331,0.09274754273457514,-0.12178249687844865,0.5148219211652382,-2.775726932018455,-1.0691004039157632,0.5639208814488205,0.6989567035805303,0.005093764824112454,1.7535900313353006,1.893562802553717,-0.696997970013166,-0.9692087607091755,-1.9234755237275136,1.8445724573306903,-0.6407956633243785,1.0745522915146013,-0.5682709059829452,0.10371606189946005,-0.623687924489047,-1.282880410347002,-1.5045252172723567,-0.12399223539626499,1.7157347161402807,0.821055396011365,-1.0829279933359512,-0.19566410826055583,-2.364968726470892,-1.4797261190177708,-0.1663450372558682,0.3489238582076455,0.3534712075810573,0.3507684479989484,-1.1152973473496897,-0.43796336913006223,0.6617327772379489,1.1947292968116263
-1.5665080348764826,1.0129822115733063,-0.06927144657178252,0.3538710794173487,-0.15657389301099664,0.0612963910746991,2.0859629367952084,-1.326852515005105,-0.07292740479772024,-1.415709883347061,0.180984728037042,0.07162002803286621,-0.021965612586503886,0.8179432802099457,-0.8643868832262086,0.7546237406130466,-1.1291742354687113,1.9704728736059638,0.7550251843654433,0.6625638061855805,0.6254028938731461,1.258210177061425,0.7985587047853641,0.06685869505341402,0.8300833332330906,-0.9469952005464131,0.9345011816213714,1.0508399815109102,0.9246650067255754,0.4663154502029118,-0.16602675033610137,-0.4764798506364347,0.9070745577122131,-0.18823501116831837,0.02914013725051534,-0.3245964705615319,-0.5028486546766846,1.5794195828392519,1.8705978944002744,-0.23551023987104214,0.4928589770198691,-0.9091142344903983,-1.3846251058904042,0.5721285072109135,-0.9173147650458112,0.35289090219223596,0.06029060053197194,-0.4523767865636159,0.9744800550231584,0.9075560136283509,-1.0413260441736922,-0.16090062383503073,-0.2528609473255751,0.5512890888259342,-1.2129218985274455,0.8532473469060641,0.3226647130587811,-0.32809512164170773,-0.39155472057696433,-0.4775213052377907,-0.13775153256002054,1.0932461644756326,-0.29622137832857076,0.9722042222706847,0.2481465644824616,1.9247246644955973,1.1282869328947458,0.6061267035129775,-0.5267015434307741,0.2517081611307735,-1.1370948081965138,0.4738665954334177,0.8316643570008323,0.4011887514678822,0.8347190178766426,-1.8339006515359775,1.3953125908804314,0.23286598523620167,-0.7897483825862525,0.8342351159218245,2.586116311124036,-1.2326617957004258,-0.039510910868816314,0.37886168383389873,0.366526019595625,0.9745154457824862,-0.8874064988957043,1.9512137926898798,-1.650326574789329,-1.395512097229377,0.6351502962225868,-1.3861065919848041,0.47292487003023703,1.116292132732991,0.02872518731050708,-1.965184598770809,0.7689164921036498,-0.44823288752175955,0.17528807528848403,0.5824925393808675
0.365492468517905,1.4338881808002517,1.4764841817431713,1.3213643998248576,-0.3206981320949891,0.24126233439512967,-0.6303279800610387,0.7281973804627457,0.5564168247063381,-1.1710269175320946,0.5795491970581251,0.5093993462710353,0.017166643872359603,0.5636083208380298,-1.0851445364363226,1.6391618951098474,-0.7287573710311444,-0.6506637811603426,1.085500769163333,0.529814419540589,-0.032898205934084004,1.452969615849559,0.7450547480151941,-1.8242644694308672,-0.8853331172406473,-0.5663692766226611,-0.6217696494475884,1.5404569209847188,-1.2166707485320336,0.2183985459497904,-0.11645984807625373,-1.2414785402602915,-0.07877557667652836,2.901611049028268,0.8022711964871991,-0.704514764542177,0.09717279680148506,1.5933891340267041,-0.16380869706627887,0.2910655980568697,0.8498036420598987,-1.2937686014582843,-0.5216025718882943,0.6447953399386323,0.45483454384118505,-0.5970599770727752,-0.6469005300217571,-0.12417326288755892,-0.5245775657670785,-0.05113256829138445,-1.4536473621604284,-1.1944669995482342,0.53824662746717,-0.04264213001969807,-1.4051482140475748,-0.9021320214243125,0.6221952188516826,0.8551071340263704,0.05989667869280537,0.13735684411123847,0.714268594267484,0.6003468575627466,0.04966661818264624,-1.5741185937201474,-0.29059333985518315,0.1630464729332063,0.8047980636510341,0.6715501738124344,-0.08446064614005537,0.5526845278941491,0.17113729934301647,0.9754650800355954,-1.531904479433678,0.8564059411717386,-1.3039972920387934,0.3674870713444509,-0.015120295144088377,1.5548907839624677,-0.8195826141315464,1.833724011566094,-0.853595957419944,0.5107175358557638,-1.8018715184633116,0.6895149240152206,-0.44571783827170636,0.2616201544643183,-0.2527029798751956,0.3129377363627787,0.9221183892537268,1.1011472179388062,1.599883323093911,0.7576666518945147,1.1928941524148813,1.0092286088190612,-0.6160853335597928,-0.9385662421142802,0.048854641642668645,0.7934528113703548,-1.0743944778542167,-0.37227678318044416
-0.27150138287141456,-1.7057266311240962,1.291681326239622,0.676724038415271,-0.8392173522276327,-1.1186461568953545,0.4870564077816093,-0.4456705562910684,-1.355349405063664,-1.0938026358612523,-1.067105029092493,-0.006974707088443172,-0.27473948680592414,0.5404065756848339,-0.2950819454278165,-0.08808397563022305,0.8005451079848297,0.7875326317812866,-0.6745067374818144,0.3870541347515368,-0.6399092121184466,0.40488841909382217,-0.8913895036278696,1.0538761196772786,2.158815946077606,0.01928740641447172,0.7190933999756808,2.052016472351809,-0.7261920876221415,-0.43371726560310375,0.8704563693924136,-0.4795896421095825,-1.0589313561746858,-0.16452981118187415,-0.8085250182847981,0.03784645088243371,-1.5309965277542155,-1.6486705759151723,-0.7031081215109183,-1.1067271758571857,-0.7290376003120992,-0.9346598298309029,-0.5907247380708814,0.47543700523106763,-0.16358474134748124,1.6739256653079657,1.460468312639336,0.35310350769111215,-0.2756025310433935,-0.18801668180072226,0.8080453092897479,1.020966072815733,1.53718079573643,0.30073523165124083,-1.0190818332969591,-2.1268382444464478,0.735955220959949,-0.5819980524234675,-1.6966644708497718,-1.0977946962448177,-0.26720041546743356,-1.2767401819837054,0.8907282962246493,0.48372225164893945,1.0665001819650897,-1.3266157743048248,0.20665929412584477,-0.6833966095485121,-1.2281514054290066,-0.2818452199767437,1.4211214528858207,-0.43222646927039027,-1.629366551767449,0.08386379298383861,-1.0936186355100626,-0.6608839947250501,1.0982314872641898,-0.405159682003021,0.17603753430225882,-1.1703939661296217,-0.4907576701735913,-2.063623700332377,1.509083568298987,-0.49614659794619376,0.023605782577093268,0.02470779030647706,-1.0746029665581969,1.0174905462343524,-0.2210326832429675,0.5785488822711737,0.48209150307140064,1.9910238215795415,0.30162735041935695,0.5202224935211637,0.9746913178246059,-0.19406863548728318,-0.6520488326567149,1.453964591075029,0.6687817712595212,-0.5024373855377751
1.3253630347598142,0.2826429696415041,-2.0893723796058272,-1.1732970222662453,0.7410777005548219,-1.8515732403673022,-0.3199748102964506,-1.4024112190768887,-0.48658738867813695,-0.4472903149351971,-3.3322717927458756,-0.08738925219553542,-0.4481721897023763,0.012715961699425224,0.10201399617500456,-1.5700977279681756,-1.2247550094854671,0.6976672233346948,-1.144683796978256,-0.4399964257809948,0.5812954643821602,0.5652842950023966,-0.9019112042902403,0.5171304622827367,0.3185034560162927,-0.4981855257047799,-0.955833997800211,0.9616502290770376,-0.36296002498546137,-0.04591401814268843,0.9365419211701163,-0.6196404896692354,-1.0249369686354468,1.1670659791875988,0.845242251129024,0.34274651284375823,0.721266202141918,-0.6864271274387318,0.30439354082108244,-0.26926966733080987,0.1916170254359487,0.5998545447737587,-0.39668326127449843,1.4345656361606782,-1.307753925513346,0.963614432881908,2.079201881113312,0.6397953168732552,1.429187579109724,-0.5387587425999211,-0.4356462547183515,1.6901783139706361,1.4944171052852722,-0.061114921296441325,0.9605358171903807,-1.2897741870675783,-1.0207317341039062,-1.3612307727943118,-0.06559404409117826,0.6575740338151922,-1.6235346417303766,-1.2504093027135113,1.4725060304946702,-0.5461518745086175,-0.12427054250802208,-0.1527465770668982,-0.8425256266914721,-1.1234508167640787,-0.5866421711567198,0.034687237202452995,0.748708674523522,0.8133205324988378,0.4740795167751081,-0.21748807485036495,0.928655530680648,-0.5892339509009789,-0.8017408111047604,-0.15249899315212065,0.39550972777057214,-0.2704091073667046,2.506160637891939,-0.38246908973644717,3.037714927247943,0.35562601435124125,0.43879929929022465,0.818015396398896,0.5050392694046957,-0.4252877452551294,0.3119468861053766,-0.265021552050338,-0.5061207989924166,-2.1930785410942435,-1.0592336944426204,1.060408136972096,-0.2955672977584501,-0.18392345666258378,-1.4458727970945315,-0.011333296401117585,1.547203905600328,-1.6184090993291644
0.5840769773764866,0.17336530203112668,1.1196602675710585,1.3826570064971588,-0.4151886886894402,0.104078599876631,-1.0054247348876977,0.6945456933183637,0.37104628104279724,0.3755760485130845,1.719984210020845,0.07617796820820871,-0.07375167441776453,0.2349362728723241,0.3304366750009955,0.5885817873936341,0.1875824459857388,0.38904558232718717,-0.2296376257112547,-1.5024622685488416,0.3832605661508979,-0.20583381520959806,0.3747810796516192,2.109236648311796,-1.4024763398458457,-0.2349416438502034,0.9811493647139543,0.20884302489764459,0.7208100922437832,-1.755084151478824,0.4147847241825389,-0.242999607436184,0.6102829900810086,1.5257273065070953,1.9110097034034126,-0.30624840652735036,-0.44848676245625363,-1.4156847546457216,-0.6020132096056302,-0.6496467557306421,1.2831265161319907,0.9922426444709598,1.42116762780986,0.33746654885000416,-0.18496301619591451,-0.46214962125015946,0.2495136219537458,-1.5936124879195015,0.6677237148063419,-0.23162792088245504,-1.1125125510017995,0.4008184408174843,-0.3444923197922944,0.6152312304556945,-0.1057323710182334,0.5211710570449568,1.3423739669760737,1.2146734975067752,0.6692506828725147,-0.586095438321908,-0.0930817784290633,-0.4032161764583547,1.1983331917270093,0.002152049582442672,0.308280631692201,0.5155191079283526,-0.9139172336613871,0.8319839963549677,-0.3973480392890394,1.9760655980118738,0.7587276221024896,1.3344422050733151,1.1727864038302975,0.2745025851242456,-0.9019101890778498,-1.8613723526233434,-1.2569316797605243,-0.3555647609637579,-0.43790957605494796,0.6355477496683679,1.3795826477496689,-0.737797547596023,-1.0597269759341368,-0.07165191752418452,0.5707964634007462,-0.7950877081817497,-0.8488014731708156,0.31794632516095356,-0.29078032105708407,-1.011321748317818,0.09155995873697786,-0.01619615280780559,1.4636677261471762,1.574159589453153,-0.5838470562043659,0.03778406875190008,-0.3640667305342723,-0.3733782204173179,-1.255869735127592,-2.432614336416965
0.02543507026676291,1.317492075512468,0.7189580827942301,0.8305913919414312,-0.24235186660893215,1.6318139047405211,0.8670474022527836,-0.477426229300727,1.0602723792120805,-1.496608537278156,0.296096240714849,0.5602172479545722,-1.0508243783669498,0.0739358107887075,-0.20615902585816995,-1.0561729735621999,0.04884220751959109,-1.3312464287523018,-0.5867090223368714,0.3990811299332773,0.6470029506940759,0.2375596685581983,0.766294467920245,0.02190033674526419,-0.7095633041887197,2.0894016246858325,0.6957192662899111,-1.228538039741298,0.31700266427614,1.5502724131590035,-1.8998162870258406,0.008602880679474628,-0.4671178990997376,-1.4338042588932136,-0.018974260906994007,1.3617796465229883,0.18732896855878628,-0.7560077857584395,-1.1349995175624468,-1.2375899991847765,0.8270957788221003,0.7268666900291123,-0.023675010804504168,-1.7006229175193404,-0.1574075403194666,-1.3211478557364154,2.5320359760637587,0.9081230004756504,-0.042075722679342176,-1.003891147296246,1.8983243491800548,1.8809040992775834,0.38650385887938327,0.6858377991156646,-0.49459347927819913,1.1486836801285236,-0.2821126386459096,0.3139929025738375,0.5202435883869381,-0.05448159532009747,-0.8790807958939459,-0.15858360748477848,-0.3052120650443904,0.6640034379504371,1.0214215563759654,-1.6560417303187458,0.6907566225185825,0.07665965397592867,-1.4663018483933772,0.31511026396257347,0.6505359719236044,1.5334799271602195,-1.3192318395237441,-0.43959095239844465,-1.9454565789712452,0.10842228488308951,0.5887536225538558,0.04591657097792781,-1.586931318483704,-0.8354231188619352,-0.343573708752619,1.0015633082722792,0.7950095902384322,0.9742958860392499,-0.5106841861226851,-1.5271520163115748,1.2721840163629403,0.28952083063272493,0.6415001346767737,1.0128522321259577,-0.33966488590527144,2.0615121463300756,0.90483841312318,-0.4131334312804909,0.2582240446020268,1.3459818147465126,-0.5308792976356931,0.5204191941898745,-0.7788496030011797,0.43684653441522264
-1.2528791162869608,1.615442336685161,-0.25087091702579944,-0.8252794321713635,-1.1430470995302986,-1.1587350789987374,-0.5669935015592313,-0.16547123845246617,-0.49225922396145777,0.11225034566729926,-0.05723063804187712,0.8140325893161655,0.35972076739036263,-1.8780350345685892,-0.9938120199270347,-0.5644808984428216,-1.750966221746637,-0.7098618908885241,0.5455600311149629,-0.5225097723390791,-0.8699207739364261,0.5807770518600905,0.804603927051251,0.6186107032815771,1.9764953021587208,0.8084429736784489,-2.2955574792234956,0.12181574849378098,-0.2698359104390655,-1.0833488147588415,-0.14000974471043315,-0.08232680574035188,-0.21317841432520865,0.8082663394141795,0.7499856295934046,0.30967400741187767,0.8964786517970335,0.1737278837006255,0.09833097994793456,-0.2520776387378685,0.30895405118595326,-1.4672618465960452,1.1936452025940774,-0.10735639843381911,-1.041747442489768,0.04004011314543677,-1.0783589996377123,0.36237532676586875,-1.3649836263779855,1.3771750182544675,-0.3335163381576703,-0.04570482008864007,-0.9820266747516256,-1.320705110709887,0.16422818285738194,1.4220746415768926,0.2367194811796532,-1.0790779902632055,-1.5463686958817597,0.15781179887550653,0.8742525978600805,-0.1012380534180618,-0.25938674721374005,-3.5896007516626427,-0.6451961115453837,-0.9281992705582602,0.4776752136942496,1.4376131407114487,-0.17422325308602085,-2.3870440656544964,0.7750459470456628,1.1771112463063633,0.4549654419742849,-1.293869601263995,2.24432332593536,0.558584918997578,1.411932988981032,-0.7805381919733794,-1.1956316532566895,-0.3340168638489346,-0.657932181270836,-0.047648181126576185,-0.9781431706814576,0.460448719444524,0.6003428765095293,-0.806265753785159,-1.0197306319027952,-0.4821880211102511,0.6505042470120113,1.550679971789545,0.676057078096022,-1.2079263566315692,-1.6754221503573827,-1.0459638109938314,-0.197694631857979,-0.32941963181659434,0.5938634798923155,-1.5468946600142217,1.104636637157832,-1.3630782605650875
-0.19278611713939672,-0.00700602727804152,-0.26586344425072733,1.1357606509292137,0.13453820693951332,-0.29022867305336053,1.1234843426772214,0.1738788840601385,-0.3216701235623037,0.719324804418661,-0.27131834306888275,1.5443974965412943,-0.33361814298655706,-0.5109666167318898,-1.2781688989912685,-0.02575077535006216,-0.4580361579178661,-1.318959451355381,1.1596131023848162,0.41139957776183583,-0.575682260822022,1.0617064124631908,0.7841087621314967,-0.18232173265092547,1.3026410397405654,-1.2740961790984282,-0.07125682335535578,-0.5271623686727209,1.6248614551757556,-1.6022757492200348,-0.6883714882613343,-0.3507406906107915,0.3130293048051417,-1.437244551698856,-0.8590293368524436,-0.04490748263410566,-0.673242787679374,0.1610272695414363,0.6596980768558538,-0.5113322914239868,0.33532888177387565,-1.0563250893612208,2.0775379479540783,0.10731376986489732,0.5564536995658085,0.0057275260384317865,-0.2810360806557005,-0.6671875917549072,1.2637381179183154,0.582806757831424,0.12020134472185531,-1.0730303275901634,1.8787308093870154,-1.9541601210848487,-1.8672973645002973,0.589491487546959,-0.6093372007315675,1.247229279597491,0.36229915249588995,-0.7067121632422924,1.1491860760007213,0.10657333541394201,-0.0658621567553918,0.7556736880206366,0.16721538306777797,0.13056575476692403,1.2536981248012502,0.7583408654658726,-1.372809447118637,-1.1372557108913335,-0.28358916757418084,0.01880935327317,0.022160326790428665,1.3138128933781474,0.5850621962051065,0.7543201381440555,-0.7486627713422157,-0.5084791768550804,-0.2676564743577804,-0.2954222979253576,1.326301673808038,0.39560731368149094,-2.420373023634402,0.7367303460791417,-0.5182423686333849,0.922905439414042,0.8618590121704627,1.8051215942996546,-0.5423239874354006,1.2257187791597561,-0.13569603561580748,1.5009234455263962,1.4770895980138363,-0.9312951447517357,0.22208125539880122,0.6931111667752892,0.4496937435220924,-0.7298901448355508,-1.0234456028409944,0.3500963375641875
-0.3310053134468082,-0.868890717763847,-2.197331109173694,-1.024637885728922,-0.5675426185765382,0.4200472280605425,0.22665093270387995,1.3311168314313726,-0.1968829616107737,0.8129797879651296,1.4159209077819332,-0.5291743969949564,0.3644152407111828,1.2133357893225163,-1.2426970436118345,0.07448548125008406,-0.729623083268976,0.019859045774659606,2.0678523945137592,0.8723034819950872,0.18786432962255836,1.182377106558118,0.6452397228163365,1.3605475867676076,0.018532384609990436,-1.7438606810693784,0.7952913380311271,-0.27401213894630394,1.3619800074139239,2.329878269744618,2.0477318897390426,0.6452940627240135,0.05059517230250169,0.6190929826844749,-0.6527558435780898,-1.6671967380944417,-1.1379039912810847,-0.029544217599315654,1.9891325807805773,-0.12982718209662378,-0.6699883477308487,-1.0826869030627917,-0.6257729989581157,-1.178948032666562,-0.1669789870720294,1.8533069585912605,-1.3375828683465396,0.7447076448361776,-0.7274627049693968,1.5716601863865185,0.2389587821269111,-1.8091652578503428,-0.11040827266848481,-0.4367515149009308,-0.7103560389317753,-0.1540675279282126,-0.9040904530158597,0.06657652826666956,-0.3654950404433794,-0.9206055983867637,-0.06309664589769723,-0.4361599733915411,-0.9554982261900516,0.9225727197373588,-0.2092080613072858,-0.7046267483259695,-0.2530145696956894,0.44642407277037377,-0.2457977311336197,-1.9312525952370896,-0.6174306458272791,-0.998202283783855,2.5963135119663945,0.4677009492991566,0.14886058827696166,0.5311695695888357,0.3390892510023828,1.2562404971859344,-0.08745295093822274,-0.23417780254912632,-0.19100559063405126,-1.1859988843958842,1.1417517984794354,-0.47052126725143184,0.49128488448577884,-0.4693662975681503,-0.4117115906500207,0.8024045486203946,0.6587523910149821,1.2175181579427945,0.8242666465823892,-0.8534030107725245,-2.1369115577839004,1.0716609120308414,0.43446659101376073,0.8386900914244065,-0.4267407187334443,-0.19711690022475903,0.19656602893124656,0.5071275345381567
-1.3994285193913267,-0.08092404430269938,-0.37336501026776303,0.8567171807998591,0.29396633796121363,-0.5157081826850392,-0.09003435315407037,-0.46322977506034213,-0.9794670097018484,1.150018041915313,-1.811863770565177,-1.919088467792157,0.43515648042504573,0.47337039992333324,-0.1581786312084709,1.2674898826749033,-0.554627177702878,-0.1624305808983258,0.5169519467627147,-0.6089076858708276,-0.13602141925376157,-0.2891796070124047,-0.44051760775679205,-0.4408848236363328,0.3964542716358569,1.118705616536707,0.19395800386172404,1.2541209672477662,0.2633163795645294,1.2507430252858698,-1.2160761204665531,1.747594899128069,0.1442015058812793,-0.6046274755764356,-0.10242668301207179,-0.7683667221017336,1.5863609700676888,0.6073725783999813,-0.0653997942795533,1.9026029357191037,-0.10155687853403476,-0.7010425255571254,-0.615004886543969,-0.7885890473482001,-0.998164358692583,-0.1439981536895951,-0.9465018309421718,-1.0089503261291408,-0.24314362052475486,2.216309544031993,1.522547559725738,0.7058910810775009,1.0470962864904736,-0.5260545599135767,0.5388813737229841,1.1226945759299356,0.11693363434461027,1.214602676578509,-2.3335982060705622,-0.15976076579017015,0.7288913968827099,-0.6192682254122184,1.1570267923395896,1.7104858184099887,-0.42712818480241455,0.14351877369126692,-1.1266914509781691,1.3461873556707311,-1.260519356471885,-0.7795720119115099,-1.089645951762004,1.1315363484117384,-0.20644505071069677,-0.6176780358049317,-0.32233434544775375,-1.5790822241629832,0.03162212798136134,-0.6117499971769502,0.07610908627716075,-1.1547573972763754,-0.7513896942569516,-0.688927776197826,-0.9395377519999524,0.2229834142153833,1.258427620987563,1.008274626708688,-1.6760296761690008,0.03142694008249893,1.8964756663767843,-0.5604966557531186,0.22422749362935201,1.3982634792468418,0.08458875227988655,1.107176199992866,0.27276378916998945,-0.1251608801719058,0.14928753630843183,0.45896951386208773,-1.104230576195691,0.9003114259979567
-1.1040607509864462,-0.08686889052258374,0.05360028132330353,-1.3171804281886974,-0.2104055002798726,-1.2102130286826456,0.12990234616469504,-1.6579539776208236,0.9086127215122894,0.6855817849009818,-0.8196179912790973,0.7079775454247089,0.13773807675858576,1.1368250149252401,-0.23563777646797682,-0.7455005595396053,0.05216785150781588,-1.10775328807695,0.04470994372933039,-0.3810164437034742,-3.1618910826550892,-0.04531439822833358,0.922070979001688,-0.8983757920819736,-0.08052579862691703,-0.8558546088784555,1.9128973746183682,-0.33032147688930524,-0.22117751355571744,-0.03732111593609359,0.3833481819533233,-1.4448840198746413,-1.4034435563624903,0.13922481545950174,-0.8047675941369691,0.23090381551543712,-0.9132951461198537,0.45465148532992417,-0.2761950897062067,-0.03386782504704633,0.10763396490396193,-0.33235689629763027,-0.5858523076414858,-1.149720145000869,-0.8459089440993821,0.27430398955933477,-0.8931345542945157,-0.5845919152862064,0.9731127304789411,-0.858310387114458,-1.2008043218575344,1.0091642250699224,-0.7622112985843676,0.5410573453684238,0.8642492952775573,-0.2773576198114274,-0.10846663492510354,0.21424614718656246,-1.4844592061318274,0.6607057235310476,0.9424040030438239,-1.801643686775403,-2.3411956175638395,-0.5119264208783116,0.8627234376667368,0.7846495941967574,0.7418573529220706,-0.6903730469804368,-0.34802440613751634,-0.3811161323841075,-0.07537033020916302,0.998958872849709,-1.2196197005961353,0.37502277598940786,1.8533218638824218,-2.32823630180504,-1.1008643916017093,-0.3816135677635837,0.4014341038244558,-1.1635826621332608,0.7152540536058084,-0.3165632676775167,0.2630386539518117,0.20389147702781565,-0.6428371708114291,-1.0178675079479547,-0.9941937896359526,-0.8088760542938769,-0.26184395343487743,-2.4582017205927844,-0.30521304673950955,0.004901083001096051,1.3108430134414857,-1.3476905451593757,1.0971760004163014,-1.8114214111988618,-0.1754770314724813,-1.392768770223688,0.5905731573884563,0.28192193674874566
0.5719063905074128,-1.5902364985237953,1.0649835839957267,-1.6318906213693718,0.39359737284779733,-0.30320308629285364,0.1361391122265066,-0.655393309718351,-0.18932845588406905,-0.7724877759452392,-0.018205026390558526,0.8550862801129082,0.741897699319313,0.9645485213728509,-0.7822641889546281,-0.7452648118738412,1.9210087285654667,-0.5593846903477568,0.36726998172950875,-1.1531579947299404,-0.25655249417747905,0.3840939551293299,-0.786544748271509,0.3966831791617495,0.04525384930454901,-1.4506836661438416,-1.3547242617432151,0.44834250990434477,1.4362401314128,-0.8675706139012104,0.22522335370093066,-0.1180502480206877,0.6450206203469906,-0.3491025360343215,1.1111600179243666,-1.098146626501238,-0.7009226277082398,-0.5653176178532523,-0.623749018882965,-0.2521899301305503,-0.018687482984577643,-2.509533747511187,-0.9458375460398002,-0.8034851170600487,-1.361645036376598,0.5149997092031993,-0.1166628613703281,0.7254402781876721,0.5055808938228297,-1.2364860533360322,-0.2635975288626348,-0.7846437996058256,-0.3839138735179881,0.10530465377367063,-1.057826663131371,-0.14968195510282814,-0.5116688595804102,-1.2548907260441897,-0.07268587314525264,-0.47218640951857316,0.76242507108738,-0.9309501451475151,-0.514210489495672,1.880040272112904,-0.10257140189617829,0.4954958031795427,0.3060968444438714,1.4590333011187835,-2.4555642973476286,1.467066852326502,-0.6583930629253855,-0.395364205122813,0.45324271263364635,-0.9337636209036303,1.122018996523419,1.1066728076617343,0.9534989254929584,-0.47242732482581407,0.6723681000595654,0.08477807543649764,-0.12437950937177975,1.175551991931842,3.0469758123723913,-1.2698214845472897,-0.4749387585731881,-0.10956071062992408,-1.0232719156668573,0.7696531802847069,-0.7776087393041293,0.5498275440352743,0.061601469658206814,0.9351739245241136,-0.36506007709016414,-0.9799322257464329,0.01861612274245102,-1.0422051452689154,1.4225889054347698,-0.9631895403268338,-1.5194825829459546,0.310068026698509
-0.2018713304801943,-1.472270538324068,1.4588844150237603,-0.17943048243611526,1.223476456634073,0.6375044984066963,-0.8325682198460724,-2.0967611901840573,-0.13860938370641393,-0.29444077383281103,-2.9588709474988963,0.2359922634128393,-1.009627899963592,0.45836196925560035,-0.4671803409384202,1.1445655597197713,0.09843812979496554,3.0806339145447286,0.1252350084429724,0.5159619418654035,2.5132864384304288,-0.6740108940691176,0.6809418193230572,1.407127429562202,0.11032686228570149,-1.9100554880921976,1.621460098678253,-0.36325992134060486,-0.9158253895026371,-0.011649060433302357,-0.02156307165706613,-0.3595970541754367,1.178597783038005,-0.03921931432789018,-1.3984996212108918,-1.576513177069881,-0.15312472860676413,-0.5376113728251471,0.9846628696560171,-0.5698846209763057,-0.6412863737954562,-0.4120866834055227,0.7887642857655826,-0.27995927881068344,-1.482756647309751,-2.2670273985473153,0.2994144253583561,1.761812195430738,-0.38661449632942,-1.9332083654584733,-0.34864486773683007,-0.3631403134465233,0.8671924694960854,-0.0401725154355104,-0.8944559577273941,0.6540925166834998,-0.10311656921669693,1.6478495223457617,-1.0018688899895039,-0.09578009356020065,0.5331992772167163,-2.420233981298925,0.375670022613835,0.7325942470929586,0.1611842187670613,-0.35806621406536476,1.5536728254406105,0.8348011997437242,0.19895977772689488,0.19633291499465777,-1.5572267893393572,1.2549831817083434,-1.0754700522790575,0.7977628614933809,1.1853427374085284,-0.6590094564206586,1.3199687397279816,0.03753207158739884,1.7923420241971169,-0.3369109908411816,-1.2085317711907302,-1.4884249689790336,1.064323424598507,-0.8135560806622179,-2.638944959216719,1.0356473009190628,-0.12706581685004525,-0.6255116371325474,2.1516670791961907,-1.1679108125924356,-0.15193372839288788,-1.8280978178735003,1.4277316816472247,-0.7361254419682475,-2.2764788480437463,-0.1266907066142738,-0.39343084630947844,-0.9365300050764774,2.6024238628282106,-0.753985406278827
-1.3779322649437342,0.32229285648200984,0.817319431935681,1.0218722810028495,-1.9629067644102276,-1.6842763238372849,-2.1890115367865404,-0.8594877613747983,-0.2573227822770592,1.4155109656171134,0.5951197700312307,1.5361146139254263,-0.6677185340546706,0.9236626716671279,-0.28327379429330074,-0.7878758623110413,0.17793504486433137,0.6472459664860235,1.300487256060137,-0.8642486802460126,-1.0723051273432653,1.4631851009584738,-0.9179242179920452,0.3634596631525563,-0.07446248335905409,1.0239959208394454,0.7767819244975531,0.6180379411553047,0.7125584255868422,-0.04658773849520285,0.8697425846133441,0.8015533450890786,0.19653435981639933,0.43187080687397655,-0.08637074252369238,-0.8145620461857725,0.7517193154130248,-0.0724222345687674,0.6668075964669312,-0.7974643794089954,1.1548290952316613,-0.09184732684802534,2.2799397316470813,-1.2152998510457562,0.026770439555459578,0.506454987760067,0.08578130768583564,0.1315531070368427,-0.215536349003831,-0.008760871801422671,0.9281856194906011,-0.9262044398733158,-0.10904464827813853,-1.561674324427678,-0.2949186014119549,0.897112305977825,-0.6653766666598726,-0.45678666864674444,-0.34699656516372107,-1.7724962431780493,-1.455011725246691,-0.34287283860416123,-0.592563506510693,-0.09660921831150693,-1.4001677363328218,1.1208796785834714,-0.6594213855729273,-1.0565194711114627,-0.8679793570265284,-0.5125807721824488,1.3926086966131794,-0.05987708011504741,0.23315580633116637,-0.2903767428175484,0.24648833142261778,0.030309278277700608,-1.1251513768234231,-0.6249308656379343,-0.481924692198242,0.18902603409351834,-1.237481767195411,-0.6550529827503275,-0.2769172455220848,1.2189596028392733,-0.5386458472221809,1.040855272142994,-1.9153139962770984,-0.018564824475251866,-0.745448115975307,-0.7966826481454135,0.9100532224910338,1.9010155816137464,0.18686511035241746,-0.38963993243462036,1.179424898376607,-2.012902805613326,0.43472283483364554,-1.2879610007250133,0.026793774454897307,0.40073146472936333
-0.5088442678533514,-1.8398750913501825,-0.051952457324547514,-1.3702453327411588,-2.5004665764853304,0.7722922550548778,0.0304388350127434,1.187630595483836,-0.1865779943526003,-1.268456139513438,-0.8978006658474756,1.040770314033421,-0.6961124744926039,-0.6852719937662728,0.3640690637206175,-0.8894788035138528,2.3811704953871997,0.783028793779194,0.5060244805523934,-0.0478450616514128,-1.8052931715741998,-0.20162832401519412,-0.33462033520903256,0.6962058896163607,0.9485784608388035,0.804818533652822,-0.6336300927857026,-0.6120537974705192,1.000305956190694,-0.7585484935457651,-1.5104016868758188,-0.4840212311134431,0.24111382912474272,0.44011009205588975,-0.8243071830398953,0.45582502690405763,0.6590425750998997,0.3618138971825114,-0.2928354415696571,1.2924783071031705,-1.0843491785354205,1.1615805372612042,-0.08037605789958419,0.6989791148497219,1.992167905046671,-0.04314418585691152,-1.1599406175730855,-1.5141461030976773,0.5980752342218536,-0.10258635088167552,-0.6263484330790795,-0.44091690922562493,-1.8126351910694392,-1.4546902794421455,1.3681192681223537,1.121775957979117,1.2294735501969305,0.5584675515832592,-0.2010057885312587,1.213354654752492,0.5525414613112319,1.0373504767929447,0.17646027214780702,0.5642055150786839,-0.0483710587779149,1.605878786158811,0.33257109332777746,-0.6730428550613691,-1.9612507931515322,1.8218080158589873,1.4135968822494567,1.861460288980488,0.1919261116873036,-1.211959918691481,0.21371360970664924,0.4804307864672174,0.2849629289586116,-0.3342277542234979,0.4823802700326581,-0.9445896402144068,0.339355725843198,-0.42810665568361234,1.5528566145466707,-0.7870018115346598,-0.3764345062808411,-1.8716131713630444,0.7725349531142651,-1.582650353904716,1.600852032233712,-0.21600130037248294,0.9134949876750691,-1.4624398951104254,0.5284767183055026,-0.28944910229311305,-0.6455994153304079,-0.628683955157673,-0.41859490312390285,1.4460184587225207,0.0987825535997929,-1.325814404381108
-0.477288731169609,0.3380610952808462,1.5251435951703962,-0.5565838763461879,-1.1195496424138445,-1.2144670029759748,0.8955275804718804,0.8558405535084039,-0.5983460838555307,-2.063838482222248,-0.5483441034054991,0.5590369684634086,-0.8025494303197583,-0.8912648886464714,0.20095165695758313,1.7699947779735528,-1.8053117531263438,0.16118813076933694,1.1667852269129622,-0.3733196931731443,-1.4575501892977067,-0.3721278801848871,0.49541420011039067,-0.5980495494200767,-0.7085795706520557,0.573220867247019,0.22374277230034503,0.3442563454883014,-0.27942692878927733,1.0767989774573112,-0.3943778337999957,-0.42949080944816526,0.6420082437817324,-0.8115484892696778,-0.46823990164552926,-0.7031358259354992,0.17110691935772213,-0.5094560404388534,1.9242876264236057,-0.2848391684631091,0.2783667750758263,1.6248010060878664,1.1961206061580698,0.09629677799334142,0.24167508385306435,1.8063150401201193,-0.058184069637392886,-1.0289369193915996,0.8446736049692286,-0.4842228228759178,0.13268202018591668,-0.49585248291874545,-0.33751395225854625,0.43235887995228994,0.7620077779641276,-0.8950912924277772,-0.37247384289646607,-0.6505603344493665,0.2939488876271703,-1.8568738642822566,-0.8219703303674482,-0.14662865773669045,0.13135971653761497,0.0014941135368490108,-1.3127401947369293,-1.0186630828832486,0.8249703201895177,0.6432804113464464,2.164151302290473,0.09123678769342013,0.18361243801368227,-0.3617784210848406,1.5983716946351474,0.1639980600005135,1.3769654139677328,-1.115046302921834,0.4511761711450394,0.28290913036576065,0.6830944276996774,0.029943292637559307,-0.4803872664395061,1.4866252010666838,0.12469238581986133,-1.5422849607249438,-0.290886520704132,-0.11706576468644525,-0.7999468632916327,0.00818405172986679,0.5334411822733838,-0.404101933186255,0.11650621085979736,0.26318130256482053,-0.7376412729649761,0.48414403844777437,-0.615901206684316,-2.2735971542862723,0.014186664828518582,0.8277939524094429,1.9743959532699247,0.7485138219074383
0.9762373354356041,-0.7549139469484846,0.591612949190852,1.9253957051565955,0.3228278384525906,0.7125247768955373,-0.21484902617164717,0.34955863181683167,-0.24068328433588726,1.181966494569721,0.5762421496330163,-0.13798783403025205,-1.066430192294343,-0.7622241886474538,-1.342567405194276,0.08237295819756105,0.37539588886517067,0.5588879322975128,-0.29314529416847324,-0.02428238251156629,0.8200957436095287,-0.0328296893789546,1.9376993891673164,-0.4403671896631956,1.0824777598995765,0.8405229866561856,-0.04099656908197107,-1.1661896980298523,-0.17881586450518977,0.2247119348802218,-0.24995371011107828,-2.0308216062983306,2.2466924549430467,-0.8132733480565679,-0.5239085107335543,1.5524071996467872,-1.014410790559795,1.6885629670942806,-0.28508213346968775,-1.6630518339681273,0.8853546798177473,-0.7527027574990859,-0.14152188886241412,1.294593373002343,0.028885774327329646,-1.8311347682762464,-0.807126177919224,1.0347125457664594,0.46357548303097723,-1.7953684052457741,-1.1790181495477254,0.4988434805986981,-1.2744173193216661,0.4874671904554531,0.503982053610784,-0.09841109899416091,-0.21599233217292993,1.1459792638414596,0.727985173626368,0.6103697867134449,0.008614497942514622,-0.15226200359323647,0.4836984922523674,0.059931084274797396,0.7280953964491848,1.0493668910859622,-0.0542680630704079,0.5218147026278968,0.7326430137234725,0.08881059440006837,1.143768947895702,-1.3136673416444244,0.09679185458952677,-1.4755633025230899,0.09066957451936071,1.506096046785614,0.9918916710003507,1.1947100818278233,1.1099287118579504,0.838962381384927,0.5537055077057481,0.4294997627737736,-0.4913759643287485,0.6131001323567801,0.791987569721241,-0.23914394329695118,-2.163500684814489,-0.4013104845953571,-0.4844802683339032,-0.21697309960358876,0.23781386711144611,0.2277396286483662,-0.3872714009801685,0.9482144043535645,-0.3338656830575267,-0.7481023834496798,-0.8321405372776378,1.179462589213077,0.21079316149762733,-0.958578887420658
-0.15896838369132046,0.38169808150770596,-0.4114499786359362,-0.5823006094826823,0.17425006162649903,0.22778930497687186,0.03828054267568937,-0.8323523312907113,-0.7582113731683608,-0.8374195005048651,-0.3004184075478676,1.5164084066060184,0.6273228072972381,-0.43711541593258185,1.1414868152054827,-1.446733838312228,0.202699504009874,0.006996831200086313,-0.6139636931112737,-1.5426586815693237,-1.6148752931183166,1.1861889874336495,1.036915183804465,-0.05889659535224447,-0.34375530350227373,-0.16932654177002943,-0.5653457289752829,-0.805598427149234,-2.748650925035912,-0.16998443637459312,0.25420535191466703,0.6601583264149866,-0.42073730738439336,1.1619354761209788,1.2380932989488618,-0.9532324315354722,0.5994763720672724,0.6595009189985673,-0.027550183698743888,2.2528566773854637,-0.9218283030450741,0.9390672335361058,-0.3961992652807617,0.6979891678908368,-1.339495140921562,-1.291182958501788,0.773899285170796,-0.21420234502061541,0.6744493038804046,-1.4453656505613348,-1.2087026050057348,0.3838859818476474,0.46700793458551637,-0.08498603256849832,-1.165479562062703,-0.8060597471528829,-0.6853349386125768,1.238747589640343,0.011599028070768957,-0.2788940524458444,0.8529473517933711,1.7335575253326516,0.012791350571649724,0.914323196096483,0.26998122059158,0.7804326429749806,1.6077310720260378,1.3422519262760086,0.33576826715242797,0.5042618159705874,0.9915184722309182,-1.7790580432112921,0.003548419143967905,-0.3759863513161938,1.0629363044853706,1.5109591926873367,0.9180599614292866,0.6526226819311659,-0.7329712234271334,1.3490214997878578,-0.5772784462317422,0.13948489087901964,0.5587922521383581,-0.3119658433571191,0.46578466347978786,0.7233283516742829,0.6220088114670077,-2.224691310802831,0.3389072967326356,0.08824980826807471,0.809384800282785,-0.06792491931051035,-0.6770317437451843,-1.5757920992001364,-0.5703212563830977,-0.11828661704615845,-1.5779656519574383,-1.7515202395583296,0.1508759619304962,1.1624986307937657
-0.619790176348956,0.39697345597706407,-0.34553336849925415,0.6511828535430858,-0.22577946506463006,-1.4518864029709475,-1.3882985552352043,0.5933129716590879,-0.9784736782842892,-1.1015747038447343,0.2502367389424248,-0.4865886052267204,-0.32854462938142104,0.3295892740532873,-0.06758231825818944,-0.7883036480816727,0.9841212249400376,-0.31085362087379503,0.7811354796476849,0.98312745463767,-0.9364165201712771,-1.1695967062285533,0.293366520566796,0.8974125012653581,-1.4354961634815742,-0.3907296059786335,-0.622281706807696,-0.7452446757206245,0.6913412748808677,1.2563418288202675,-0.8749344302414991,0.2174495248106625,0.10831701477186502,-0.06768981329964593,-1.0829883112605336,1.5435731212464323,0.5453771163219386,0.5223109047953598,-0.9575723709495094,-1.034956401969211,0.5965834361781546,-0.2429562782319279,-0.7300659794447811,0.8474392894243743,2.0323974352356644,-1.6109261209242312,0.09586845618452768,1.294411766952232,1.7522270309378558,0.45466978907323,1.0993963487769227,-0.2697064001781633,-1.3324181050992294,-1.456714973921477,0.1976150544231703,0.7095117089117533,0.8274765382571353,-0.105289684569811,-1.396810756136787,1.2571575956280574,-0.229796836692148,-1.448942739725487,2.2390711052566274,1.4783508009015234,-0.5116374706509134,0.02421413765136196,-1.2580994432086938,-0.3541431183724211,2.406908203365821,0.24753065798778828,1.6763808104204803,0.24957104283044115,-0.3996466503469347,-1.9945606938850697,2.5910533874735022,-0.7484016224258437,-0.4346364283865851,0.7163655797584185,0.8092062941478375,-0.3497692084887288,0.12913885293274216,0.5495348286926474,-1.0368352050442975,1.1614935191931473,-0.8271877138539339,1.0463553429965269,0.2284270854510437,0.21919029293811795,-1.281991045598425,0.12088153190397909,-0.9950716205939548,0.03528897559177165,0.3338951911929468,-0.4691825648532547,0.20405442476597666,-0.8399174137543131,-0.8549309846972678,0.28027625513215915,1.8357748865938828,-0.3863291171734309
-1.9756163585619706,-1.254690935282228,-0.15813233105113927,0.20400969206540448,-0.5936453755767169,0.2710593955479759,1.1194936960834008,-0.7019022508602044,-1.0845113008754454,2.9928359432942786,-1.4072427022233667,-0.03714882863514687,1.1313830780072571,-1.5279939139619763,1.5010060405159968,1.1361098654537332,-0.22124368168925596,0.236644458822891,2.426230902992373,1.5642234016696142,-0.8993942587433582,0.8912340523956715,0.7403903355241929,0.34746222004445776,1.26426735155598,-1.2522557264379466,-2.261954406736068,-0.023069333477142275,0.6138605833021692,-0.6116072360314453,0.28612632710035796,-0.6302472676274637,-0.11791752308245458,0.9823119332265317,0.1892347448498622,-1.0098957846347294,2.2053366457180883,-0.8244409658556396,-0.030185641562699757,-0.34161365240675723,2.08336524234378,-0.7504088837181733,1.1085987905100363,-0.7809803065187207,-0.08485324143523375,0.02539066413456848,0.2955862823719412,0.5294267438680837,-0.30482741811251096,-0.3034593387925196,-1.3363962282530755,-0.13976577269902962,0.6702567581626742,-0.08828434191350301,0.31337956582881155,2.6798750412578216,-1.7926112663800595,-0.24524987341240198,-0.7226960866222323,-1.5368034261910415,-0.47984504216349033,0.5021519001174102,-0.7251168808999113,0.3573011759215386,1.2480557426992607,-0.8116992487096646,-1.3170826467011125,-0.18591778885990867,-0.011425051817775617,-0.2649967760339192,-0.022440315612414358,-0.3090787720687883,-0.8461611707607013,-0.5185391595345021,1.1240366366180305,0.6409907357928104,-0.37822846273292854,0.4385784604371131,0.09847467553433117,0.5427887204867746,-0.7477211254524629,0.6051818688382606,-1.27856515082783,0.02040687961974483,0.5440813452793457,-0.7043655172400397,1.5254938619371001,-2.1799162077873886,0.054923828636941945,-1.5249281976480247,-0.5912514730155235,-1.2871121984979796,1.1686374793830194,-0.762661110459717,-0.27384420014639727,-1.0272976226997732,-1.195842001077193,-0.7710191597842118,0.09420883055577067,0.43922993204759087
0.8532911022931661,-0.10545189658507263,-0.24796629535501372,1.1371134699826622,-0.7033641542852851,-1.018773975873343,-0.7498297210038805,0.5723672182662131,-0.9831771905556399,0.5133081981846493,-0.7441720412483409,-0.6513657944999062,1.9921741886890592,0.1992661684017732,-1.2322518360734425,0.9588255461228415,-1.8681139973838154,-0.27198737605788703,0.40961088844710253,-0.530670425107128,0.5573216863844253,-0.9981449694553257,1.210692786182469,-1.4708028835028217,-0.12530981623920542,-0.02697666984471282,-1.3387606556484277,-0.5789482519283011,-0.08665724124141835,1.5896526549509304,0.7483215014713639,-0.9581169249656736,-0.3112646831085099,1.935186814017152,0.06348589004622911,-0.2175043033812258,-1.7810554949966393,0.7051362107293485,0.9352131732683872,-1.1719395265274168,1.4988735947046687,-0.3792871255623941,1.2358047716895602,1.8361981724564358,-0.6560582575977217,0.015791968610190988,0.18644793962846146,0.5436074517882121,0.4538540319278963,-0.40837880964641504,0.7692355300557268,-0.08093714981377033,0.7791467377604426,-0.28572386189470644,0.9149106111549168,0.9219062228143983,1.0270489429979508,0.2589361168900975,0.05356424998140476,0.05765591156865949,0.8438743502225494,-0.8203424680334415,-0.8662653472136838,0.6874670313874144,-2.0282192141179505,-0.2660054653070432,0.0022402478822014116,0.0857041634073182,0.9184917237909752,-1.6567260255237584,-0.9424123589138104,0.05825377037149508,0.19601213522654762,-0.7254108496940755,0.11626716837886637,0.6934294327643844,1.509121009190137,-1.4436429219125182,-0.09216665812781527,-0.7097962500283551,0.06820099213752248,0.25677175331904245,-0.639280982389098,-0.12557860197627813,0.03051872156942768,0.31585583401016304,1.2634853264740693,-0.19150501320910668,-0.7838023779676527,-0.6720977784736181,0.6563795658827591,-0.47970749855073735,1.3301723520001483,-0.5607786787881207,-1.1261828874129192,1.1425094205914328,-0.8379135583692107,1.1834892758561413,1.3473171566326678,0.43829007899279715
3.1244344242024806,1.3166616389567134,-0.2982972334165206,-1.261695664791178,0.29228861807449624,-0.365931404779377,0.8052450181517161,-1.2423675979198188,1.8443507353021884,-0.5481531249152327,0.0358508135528544,-0.27049267679702343,0.06733516662012563,0.4862948864716011,-1.3477730956201834,0.4484617473691902,0.1971252981908713,-0.25456291894865773,1.1438609774969672,1.3087562371110972,-0.160199157552535,1.6710835421187225,0.14492954211391448,0.004303440645691579,1.021088363815411,-1.0789906708746955,-1.2077370201388153,0.29312090886985254,0.501165174896085,-0.09547227528259108,1.1862090326536654,0.9906154096615295,0.4579941645568461,-0.9064474842582684,-0.11250573253664059,1.6173143985139762,-1.8910601052913216,-0.4317521782840562,-0.4293915653303176,1.1910801325491844,-0.799694027978279,0.6512498915723179,0.47250195285605734,-1.7786980361559284,-1.7044358926466325,-0.8217366752475614,0.7493181203224464,1.0645741141365832,0.24431944433259656,0.8754579199496728,0.8183225566726438,-0.5604540039707848,1.150831228689278,0.3915003384450818,-0.1891321040713139,0.04342043806952316,0.44904246277870535,-1.2904842585994067,0.9177523543797973,-0.6788770673990979,0.05295482856332127,0.30861122585289447,0.5274675993772919,1.0834190661065783,-0.5470919627769925,-1.7793584247252292,3.0496500638985755,-0.9346333182930138,1.0983547381105625,-0.8822062300402458,0.9059601938315408,-0.5579174733750263,-0.642374406331542,-0.08107245557991573,-1.3518479916272481,0.9283255676023775,1.9454004211978444,0.053544475155767025,0.09555456070403459,0.7177473396832935,-1.4024704860830453,1.3532979734494412,-0.19282398016110416,0.8737154157193976,0.22502724725152026,1.5111703849160447,0.2614424333277874,-0.055891795761988175,-0.6785080942409696,-0.6255148303600147,0.2667375238543608,0.10350834478143676,0.7989625789230962,-1.4813411750217347,0.4597315846763245,0.5796990421604138,-1.2272052835712632,2.4762168652740133,-2.272662951542354,0.3154856491281463
0.842958764523093,0.7769178265525518,-0.20223649950742625,0.35468466853708286,0.13593745450833597,-0.8734720117964448,-0.06605914953555986,-0.7775305621547703,-0.2668054470350747,0.15040035657195527,-0.17630411137850832,-0.472501161444824,-0.8162931256141167,0.6375821748928324,0.907545181015881,0.5860651530882429,-0.7849913455655317,-1.6583430070223704,-1.2911541951983714,-0.8916344007579461,0.5987058886428988,0.15309195451593133,-0.442924030502072,0.17357638682505286,0.33094661985584234,1.1297249031997068,-1.5777531482842075,0.3374323084385593,0.535927116276331,-0.6783460050071589,-0.917846550082835,0.3813014121432028,0.03787210069738545,-1.158650697686674,-1.640448626942392,-0.23645555079433325,-0.9377058610721123,-0.8183062903864387,0.9691281361092925,-0.5938557550462746,-0.18339982920401934,0.014743060555552578,1.3305961250945397,0.7977834826113308,-0.16779784775211895,-0.5980857994135677,0.6357621245502247,2.548684543000901,-0.1081633223247595,-0.5954964854954979,-1.3747146074322814,1.4538914764811508,1.335592624110991,-0.41304330684342094,0.1893188277266465,-2.3797614311938164,-1.0863397078571146,-0.85090357777518,0.6811016254059601,0.1241453584783135,0.39082134777935224,0.33543119417165956,-0.9673445373205075,1.349124070314258,0.17088560390552457,0.23114069749517474,-0.18933641563965192,1.0912939239907884,-0.2618758140673449,0.122386959499334,1.1482514152019527,-1.2559597119646875,-1.2752351205824204,1.248774752861303,0.03665196833876533,-0.658803929281653,0.3591337112376933,-0.6523573053157237,-1.4521734491152383,0.12381069328843497,-0.8657440550895721,0.015039249324004474,0.6463824165793207,1.509435063628477,-0.07618503657086999,-1.0408793639921983,0.49374433013363955,0.26046925761041273,-1.4742074181739222,0.7378895326249398,1.0060822579202142,0.7480861381579813,-0.8639983204053306,0.10391561588198973,0.7225395403503437,-1.0206635576530345,0.6424841502056041,-1.5834567982437764,-1.4380834703543492,-0.17317729023648545
-0.5749282395553164,1.377406642179451,1.316360111839682,0.33560788012337517,1.2332003811094547,0.014748409491463669,-0.12399665393892459,1.0503257481564072,-0.5712151971291131,0.5432194620373589,2.023045186556564,0.4157113143774968,-0.4597155541237579,1.0298083903333872,-1.300383305163518,-1.677769955524158,-0.3875458720180519,0.621446545487754,1.3030805441813569,0.8696114021544967,-1.2156251750595775,1.6215700522193741,0.5523508817550421,1.6499848318057488,1.6299658186430257,-0.14756100560704788,1.1889420017615329,0.0342682207456503,0.4383288527790691,1.672661792680367,1.2951313311060872,1.6031211691818503,-1.1193553258499214,-1.4314360755991922,0.08476362956057833,0.4033558665942168,0.9102406557957917,-0.06645314849338095,-0.4120991807431205,1.0229932543640836,0.17277621779613433,0.14386371545372176,0.6651688435533707,0.8319018369732604,-2.06950833126664,0.624482453421857,-0.20073243246355602,0.396721947956209,2.2305581934576724,-0.7897736964154817,0.6044944724996939,0.6095142416558146,2.004990028120281,-0.7457055314188032,1.997543984824441,1.9760588794861553,0.5613577736638584,0.3327666143842176,0.015706757165155842,0.4629626460949674,2.0093997391723937,-1.1316137286505645,-1.83414843049709,0.05644443567803344,0.3680164896214965,0.7368937391754472,1.2473932922858777,-1.3931001133736374,0.32192481151367913,-1.6195753615127604,-1.0938678923003895,-1.1426407039984399,-0.48509244534589163,-1.0327145348083662,0.032010142667154094,-0.04046033478431214,1.052537724389821,0.8886935979312901,-1.5719962410707833,0.9612806221167028,0.5229956083066658,-1.9259691629844564,-0.5654597562605597,1.6331878200210137,-1.5080574023935378,0.48405905073091937,-0.850792814873089,0.054120197988835474,-0.8708803229562226,0.43779366293395133,-2.1851258911812166,-0.7337007080623935,0.39024717951443294,-0.7577030988798159,-0.8718302079020427,0.8943547233679242,0.26534348416939785,0.9197542434929955,1.5374016998580273,-0.7338338930951984
-1.1935215195850375,-1.2889851307352542,1.6199884455489222,0.6872184002015157,0.09388570276720536,0.8090253549208332,0.028922573636301706,0.11385243168584679,-0.6023143971730989,1.661954385464867,0.8780403266621517,0.6729089080290319,-2.1087341439867773,-0.26988477368715663,-1.6842499865284464,0.6117309220893682,-0.11337913174195564,0.13733892601941936,-1.0780427160134822,-0.3427177928244374,-0.8474074776158188,1.164924722890079,-1.8219822727707509,-1.0238794438131908,-0.4495830165338716,-0.998878718455606,0.8873846334649799,0.19186140163743934,-0.5350563539966572,0.5100522476444279,0.009707160766053359,0.3371696849737212,-0.08865117471938003,-1.294491816049936,-1.4069438032368526,-0.5208408402732277,-0.8281261731168689,0.5338185641423894,0.563777356008413,1.054910369552645,-1.4239954612090249,1.191954279409289,-0.8150525224319194,-0.3862678023691841,-1.2828838855629918,-0.7307954217017921,0.05625945657674473,-0.15952052589917662,-0.0442523210314848,-0.029900596770540595,0.6250607751630278,0.039886983616959915,-1.0981786277519587,0.1129445497444755,-0.6049811211745619,0.16893107279269645,0.07136593238340691,0.5734860538515592,-1.8005285027441542,0.8533715050494804,-1.5369883596927014,-0.572079714448514,0.7236774407295106,0.3601961301690951,0.12113340258134123,0.7807959045132916,0.4470561963802993,-1.6689257932816508,-2.1105947375101795,-1.590723627589415,-1.0234611157521234,-1.3075474155971705,0.8192257986985019,-0.3561181590458281,-1.4940681608334516,-0.49851413199691097,0.3897625913376924,-1.2728755453735288,-0.6581840247279204,0.040019614867999403,0.9827916929169066,0.4594658136434838,0.3497816485336553,-0.6114904543594196,-1.6694907464439894,0.43503464163763406,0.0641086416502124,1.3040421846710233,0.8474521911772254,-0.3062186617308628,-0.05159604453223998,1.340839923079834,0.06347115987794877,0.6105679131248332,-0.10612054962789894,0.05583821513194866,0.36688607041991766,-0.76708396060252,0.8955200547118348,-2.0183393028732874
